round,experiment_id,parent,branch,hypothesis,best_params,point_score,robust_mean,robust_std,robust_min,decision
4,449639d9-832d-4812-8ab8-3749371ee8bc,befdb320-5a01-4772-8164-9fa36745a413,orx/optuna-nonlinear-rank-aggregation,nonlinear rank aggregation,rank_power=1.996646,0.7130386797,0.6693421309,0.0168623681,0.6492948626,validated winner
4,3c8beb4f-a313-4dfb-a3fe-f5853880ef91,449639d9-832d-4812-8ab8-3749371ee8bc,orx/nonlinear-rank-robustness-audit,nonlinear rank 10 seed validation,rank_power=1.996646,0.7130601543,0.6762969477,0.0198114240,0.6493130878,accepted
4,c81d4307-0201-4c4f-b6dd-41454c4f3a5c,befdb320-5a01-4772-8164-9fa36745a413,orx/optuna-robust-median-rank-consensus,median consensus,blend=0.731994,0.7065877666,0.6819385491,0.0233834025,0.6405813527,reject after audit
4,3ed68b84-ee98-4e4e-a86b-23eaa35c6c9a,befdb320-5a01-4772-8164-9fa36745a413,orx/optuna-macro-conditioned-persistence,macro persistence multiplier,all inert,0.6806645770,0.6568750958,0.0324453227,0.6099666780,reject
4,c2567478-4c8f-497b-b030-d11f7049706e,3c8beb4f-a313-4dfb-a3fe-f5853880ef91,orx/optuna-nonlinear-rank-persistence-joint,joint rank/persistence,rank=1.656019 persistence=0.154598,0.7044856247,0.6568043280,0.0353793106,0.5957496830,reject
4,b8051fa6-43fc-4409-baa2-5012192ee696,3c8beb4f-a313-4dfb-a3fe-f5853880ef91,orx/optuna-factor-specific-rank-powers,factor-specific curvature,all inert,0.7130686868,0.6693595272,0.0168621988,0.6492976534,reject inert
4,a98a310d-ea9f-4e4e-82ec-5d04c8bced2c,3c8beb4f-a313-4dfb-a3fe-f5853880ef91,orx/optuna-factor-agreement-blend,factor agreement,all inert,0.7130636525,0.6693719407,0.0168566668,0.6493662882,reject inert
0,316058b8-7191-4747-bcd7-c9cff510688d,,orx/baseline,frozen control,,0.6149878552,0.5740708711,0.0430848490,0.5008842863,baseline
1,30eee3f4-a25b-471f-84a9-43076f9f5866,316058b8-7191-4747-bcd7-c9cff510688d,orx/optuna-timesfm-context-length,forecast context length,512:0.588788;256:0.614981,0.6149811722,0.5740728251,0.0430813989,0.5008942519,reject
1,fd77eba0-c835-4dfb-b3d3-d43b36c6691d,316058b8-7191-4747-bcd7-c9cff510688d,orx/optuna-forecast-uncertainty-sizing,quantile uncertainty sizing,power=0.311989,0.6124011062,0.5977782331,0.0275190087,0.5624496579,reject
1,846477af-4e90-4e11-af7e-66164e89c7ce,316058b8-7191-4747-bcd7-c9cff510688d,orx/optuna-continuous-liquidity-sizing,continuous liquidity sizing,power=0.311989,0.4746153995,0.5465083044,0.0941965941,0.3625199080,reject
1,5921e0c8-aea8-4d8d-a11b-7e681dd3aaa3,316058b8-7191-4747-bcd7-c9cff510688d,orx/optuna-position-persistence,persistence execution,persistence=0.337086,0.6739467336,0.6511033743,0.0315173000,0.6052900842,provisional
1,33a2e3dc-f238-4405-840e-b35249de367f,316058b8-7191-4747-bcd7-c9cff510688d,orx/optuna-walk-forward-training-window,walk-forward training window,various inert,0.6149811722,0.5740728251,0.0430813989,0.5008942519,reject
2,b402bb5a-3aba-4dce-9b13-62ebc33eceb6,5921e0c8-aea8-4d8d-a11b-7e681dd3aaa3,orx/optuna-persistence-strength-bracket,persistence refinement,persistence=0.287270,0.6806496000,0.6568824941,0.0324431075,0.6099823718,provisional
2,b09c846b-b573-475f-ae91-6bb1b5bc9b96,5921e0c8-aea8-4d8d-a11b-7e681dd3aaa3,orx/optuna-persistence-deadband,rebalance deadband,deadband=0.146399,0.6755449916,0.6510056996,0.0317374121,0.6045587963,reject
2,19d6b893-90fe-4099-93c1-3d5533a4e2b7,5921e0c8-aea8-4d8d-a11b-7e681dd3aaa3,orx/optuna-persistence-plus-uncertainty,persistence plus uncertainty,power=0.093597,0.6736858881,0.6511480361,0.0315473477,0.6055991554,reject
3,c9f419af-2bf3-42d5-aa4e-440425a0b7ea,b402bb5a-3aba-4dce-9b13-62ebc33eceb6,orx/refined-persistence-robustness-audit,10 seed validation,persistence=0.287270,0.6806187648,0.6486837050,0.0322228874,0.5819193522,accepted
3,28bdcdef-84ec-4d32-8426-4f4aa934d4cc,c9f419af-2bf3-42d5-aa4e-440425a0b7ea,orx/optuna-confidence-adaptive-persistence,confidence adaptive persistence,power=2.852143,0.6900633696,0.3362622597,0.6341064526,-0.9304415508,reject
3,531868c7-c5bd-41af-900a-85369999f86b,c9f419af-2bf3-42d5-aa4e-440425a0b7ea,orx/optuna-score-smoothing-persistence,score smoothing,smoothing=0.124796,0.6041975979,0.6357890497,0.0192631130,0.6109853684,reject
3,948d5a6a-072f-443e-95f8-fef155261bff,c9f419af-2bf3-42d5-aa4e-440425a0b7ea,orx/optuna-asymmetric-persistence,asymmetric persistence,exit=0.124796,0.6861576718,0.6458854310,0.0285976829,0.6079447791,reject after audit
3,98fac4de-4e52-457c-8a9d-d62099caaeab,c9f419af-2bf3-42d5-aa4e-440425a0b7ea,orx/optuna-minimum-holding-period,minimum holding period,sessions=19,0.6806455873,0.6568716575,0.0324448475,0.6099636957,inert reject
5,872a7d07-1dfd-4000-b88c-415a066859fc,a7408cff-439c-43ed-aad3-33a1cc354673,orx/optuna-sector-concentration-cap,sector cap,cap=1/2 inert,0.7130542364,0.6693624259,0.0168496641,0.6493567672,reject inert
5,debc750e-7a84-4096-a766-60bf9c0c2284,a7408cff-439c-43ed-aad3-33a1cc354673,orx/optuna-soft-score-weighting,soft score weights,power inert,0.7130640194,0.6693557454,0.0168624710,0.6493148656,reject inert
5,63813b42-77a5-4b68-ae40-2c9e804657eb,a7408cff-439c-43ed-aad3-33a1cc354673,orx/optuna-confidence-conditioned-breadth,confidence breadth,threshold inert,0.7130492154,0.6693407055,0.0168650456,0.6492820933,reject inert
